,Time required in ms,,,,,,
n,Merge Sort,Quicksort,Randomized Quicksort,Insertion Sort,Quicksort with Sorted Input,Randomized Quicksort with Sorted Input,STL sort() function
         1,0.0000000000,0.0000000000,0.0000000000,0.0000000000,0.0000000000,0.0000000000,0.0000000000
         2,0.0000000000,0.0000000000,0.0000000000,0.0000000000,0.0000000000,0.0000000000,0.0000000000
         3,0.0000000000,0.0000000000,0.0000000000,0.0000000000,0.0000000000,0.0497500000,0.0000000000
         4,0.0994500000,0.1000500000,0.0997500000,0.7482000000,0.8982000000,0.6001000000,0.1495500000
         5,1.2966000000,1.1967500000,1.2485000000,71.1073500000,74.3012500000,47.0283000000,1.4958000000
         6,15.7578000000,14.8103500000,15.0596500000,7866.9469500000,4348.7791000000,3620.8693500000,16.8056500000
